nummer,schluessel
1,acer-platanoides
2,allium-schoenoprasum
3,brassica-oleracea-rotkohl
4,brassica-oleracea-weisskohl
5,fagus-sylvatica
6,fragaria-vesca
7,hedera-helix
8,hydrangea-macrophylla
9,lavandula-angustifolia
10,malus-domestica
11,miscanthus-sinensis
12,nymphaea-alba
13,rubus-idaeus
14,solanum-lycopersicum
15,abies-alba
16,acer-campestre
17,acer-negundo
18,acer-palmatum
19,acer-pseudoplatanus
20,acer-rubrum
21,achillea-millefolium
22,aconitum-napellus
23,actaea-racemosa
24,actinidia-arguta
25,actinidia-deliciosa
26,aesculus-hippocastanum
27,agastache-foeniculum
28,agrostemma-githago
29,ajuga-reptans
30,akebia-quinata
31,alcea-rosea
32,alchemilla-mollis
33,alisma-plantago-aquatica
34,allium-cepa-var-aggregatum
35,allium-cepa
36,allium-giganteum
37,allium-karataviense
38,allium-porrum
39,allium-sativum
40,allium-sphaerocephalon
41,allium-tuberosum
42,allium-ursinum
43,alnus-glutinosa
44,alopecurus-pratensis
45,aloysia-citrodora
46,althaea-officinalis
47,amelanchier-lamarckii
48,anemone-coronaria
49,anemone-hupehensis
50,anemone-nemorosa
51,anethum-graveolens
52,antennaria-dioica
53,anthemis-tinctoria
54,anthoxanthum-odoratum
55,anthriscus-cerefolium
56,antirrhinum-majus
57,apium-graveolens
58,aquilegia-vulgaris
59,arabis-caucasica
60,aristolochia-macrophylla
61,armoracia-rusticana
62,aronia-melanocarpa
63,arrhenatherum-elatius
64,artemisia-absinthium
65,artemisia-dracunculus
66,artemisia-vulgaris
67,aruncus-dioicus
68,asarum-europaeum
69,asparagus-officinalis
70,asplenium-scolopendrium
71,aster-amellus
72,astilbe-x-arendsii
73,astrantia-major
74,athyrium-filix-femina
75,aubrieta-x-cultorum
76,aurinia-saxatilis
77,begonia-x-semperflorens-cultorum
78,begonia-x-tuberhybrida
79,bellis-perennis
80,berberis-thunbergii
81,berberis-vulgaris
82,bergenia-cordifolia
83,beta-vulgaris-subsp-vulgaris-mangold
84,beta-vulgaris-subsp-vulgaris-rote-bete
85,betula-pendula
86,betula-pubescens
87,bistorta-amplexicaulis
88,borago-officinalis
89,brachypodium-pinnatum
90,brachypodium-sylvaticum
91,brassica-napus
92,brassica-oleracea-blumenkohl
93,brassica-oleracea-brokkoli
94,brassica-oleracea-gruenkohl
95,brassica-oleracea-kohlrabi
96,brassica-oleracea-rosenkohl
97,brassica-oleracea-wirsing
98,brassica-rapa-chinakohl
99,brassica-rapa-mairuebe
100,brassica-rapa-pak-choi
101,briza-media
102,brunnera-macrophylla
103,buddleja-davidii
104,butomus-umbellatus
105,buxus-sempervirens
106,calamagrostis-x-acutiflora
107,calendula-officinalis
108,calla-palustris
109,callistephus-chinensis
110,calluna-vulgaris
111,caltha-palustris
112,campanula-carpatica
113,campanula-persicifolia
114,campanula-rotundifolia
115,campsis-radicans
116,canna-indica
117,capsicum-annuum
118,cardamine-pratensis
119,carex-acutiformis
120,carex-montana
121,carex-morrowii
122,carex-muskingumensis
123,carex-sylvatica
124,carpinus-betulus
125,carum-carvi
126,caryopteris-x-clandonensis
127,castanea-sativa
128,catalpa-bignonioides
129,cedrus-libani
130,celtica-gigantea
131,cenchrus-alopecuroides
132,centaurea-cyanus
133,centaurea-jacea
134,centaurea-montana
135,centranthus-ruber
136,ceratophyllum-demersum
137,cercis-siliquastrum
138,chaenomeles-japonica
139,chamaecyparis-lawsoniana
140,cichorium-endivia
141,cichorium-intybus-chicoree-und-radicchio
142,cichorium-intybus-gewoehnliche-wegwarte
143,citrullus-lanatus
144,clematis-alpina
145,clematis-montana
146,clematis-vitalba
147,clematis-viticella
148,cobaea-scandens
149,colchicum-autumnale
150,consolida-regalis
151,convallaria-majalis
152,coreopsis-grandiflora
153,coriandrum-sativum
154,cornus-alba
155,cornus-mas
156,cornus-sanguinea
157,cortaderia-selloana
158,corydalis-cava
159,corylus-avellana
160,corylus-maxima
161,cosmos-bipinnatus
162,cotinus-coggygria
163,cotoneaster-horizontalis
164,cotoneaster-salicifolius
165,crataegus-laevigata
166,crataegus-monogyna
167,crataegus-x-media
168,crocosmia-x-crocosmiiflora
169,crocus-sativus
170,crocus-speciosus
171,crocus-vernus
172,cucumis-melo
173,cucumis-sativus
174,cucurbita-maxima
175,cucurbita-pepo
176,cupressus-x-leylandii
177,cyclamen-hederifolium
178,cydonia-oblonga
179,cynara-cardunculus
180,cytisus-scoparius
181,dahlia-x-hybrida
182,daphne-mezereum
183,dasiphora-fruticosa
184,daucus-carota-subsp-sativus
185,daucus-carota
186,delphinium-elatum
187,deschampsia-cespitosa
188,deutzia-gracilis
189,dianthus-barbatus
190,dianthus-carthusianorum
191,dianthus-gratianopolitanus
192,digitalis-purpurea
193,diospyros-kaki
194,dipsacus-fullonum
195,dryopteris-filix-mas
196,echinacea-purpurea
197,echinops-ritro
198,echium-vulgare
199,epimedium-x-rubrum
200,eranthis-hyemalis
201,erica-carnea
202,eriophorum-angustifolium
203,eruca-vesicaria
204,eryngium-planum
205,erysimum-cheiri
206,euonymus-alatus
207,euonymus-europaeus
208,euonymus-fortunei
209,eupatorium-cannabinum
210,euphorbia-cyparissias
211,euphorbia-polychroma
212,fallopia-baldschuanica
213,fargesia-murielae
214,festuca-gautieri
215,festuca-glauca
216,ficus-carica
217,filipendula-ulmaria
218,foeniculum-vulgare-var-azoricum
219,foeniculum-vulgare
220,forsythia-x-intermedia
221,fragaria-x-ananassa
222,frangula-alnus
223,fraxinus-excelsior
224,fritillaria-imperialis
225,fritillaria-meleagris
226,fuchsia-magellanica
227,gaillardia-x-grandiflora
228,galanthus-nivalis
229,galium-odoratum
230,galium-verum
231,gazania-rigens
232,geranium-macrorrhizum
233,geranium-pratense
234,geranium-sanguineum
235,geum-chiloense
236,geum-rivale
237,ginkgo-biloba
238,gladiolus-x-hortulanus
239,gypsophila-elegans
240,gypsophila-paniculata
241,hamamelis-x-intermedia
242,helenium-autumnale
243,helianthemum-nummularium
244,helianthus-annuus
245,helianthus-tuberosus
246,helichrysum-italicum
247,heliopsis-helianthoides
248,heliotropium-arborescens
249,helleborus-niger
250,helleborus-orientalis
251,hemerocallis-fulva
252,heuchera-sanguinea
253,hibiscus-syriacus
254,hippophae-rhamnoides
255,hippuris-vulgaris
256,hosta-sieboldiana
257,hottonia-palustris
258,humulus-lupulus
259,hyacinthoides-non-scripta
260,hyacinthus-orientalis
261,hydrangea-anomala-subsp-petiolaris
262,hydrangea-arborescens
263,hydrangea-paniculata
264,hydrocharis-morsus-ranae
265,hylotelephium-telephium
266,hypericum-perforatum
267,hyssopus-officinalis
268,ilex-aquifolium
269,impatiens-walleriana
270,ipomoea-batatas
271,ipomoea-purpurea
272,iris-pseudacorus
273,iris-reticulata
274,iris-sibirica
275,iris-x-germanica
276,jasminum-nudiflorum
277,juglans-regia
278,juncus-effusus
279,juniperus-communis
280,kerria-japonica
281,knautia-arvensis
282,kolkwitzia-amabilis
283,lactuca-sativa
284,lagurus-ovatus
285,lamprocapnos-spectabilis
286,lantana-camara
287,larix-decidua
288,lathyrus-odoratus
289,laurus-nobilis
290,lemna-minor
291,lepidium-sativum
292,leucanthemum-vulgare
293,leucanthemum-x-superbum
294,leucojum-aestivum
295,leucojum-vernum
296,levisticum-officinale
297,liatris-spicata
298,ligustrum-vulgare
299,lilium-bulbiferum
300,lilium-candidum
301,lilium-lancifolium
302,lilium-martagon
303,linaria-vulgaris
304,linum-perenne
305,liquidambar-styraciflua
306,liriodendron-tulipifera
307,lobelia-erinus
308,lolium-perenne
309,lonicera-caerulea
310,lonicera-caprifolium
311,lonicera-periclymenum
312,lonicera-xylosteum
313,lupinus-polyphyllus
314,luzula-nivea
315,luzula-sylvatica
316,lycium-barbarum
317,lysimachia-nummularia
318,lysimachia-vulgaris
319,lythrum-salicaria
320,magnolia-stellata
321,magnolia-x-soulangeana
322,mahonia-aquifolium
323,malus-sylvestris
324,malva-sylvestris
325,matricaria-chamomilla
326,matteuccia-struthiopteris
327,matthiola-incana
328,melica-nutans
329,melissa-officinalis
330,mentha-aquatica
331,mentha-spicata
332,mentha-x-piperita
333,menyanthes-trifoliata
334,mespilus-germanica
335,metasequoia-glyptostroboides
336,milium-effusum
337,mirabilis-jalapa
338,molinia-caerulea
339,monarda-didyma
340,morus-nigra
341,muscari-armeniacum
342,myosotis-scorpioides
343,myosotis-sylvatica
344,myrrhis-odorata
345,narcissus-poeticus
346,narcissus-pseudonarcissus
347,nemesia-strumosa
348,nepeta-x-faassenii
349,nicotiana-alata
350,nigella-damascena
351,nuphar-lutea
352,nymphoides-peltata
353,ocimum-basilicum
354,oenothera-biennis
355,oenothera-lindheimeri
356,origanum-majorana
357,origanum-vulgare
358,ornithogalum-umbellatum
359,osteospermum-ecklonis
360,ostrya-carpinifolia
361,paeonia-lactiflora
362,paeonia-officinalis
363,panicum-virgatum
364,papaver-orientale
365,papaver-rhoeas
366,papaver-somniferum
367,parthenocissus-quinquefolia
368,parthenocissus-tricuspidata
369,passiflora-caerulea
370,pastinaca-sativa
371,pelargonium-x-hortorum
372,perovskia-atriplicifolia
373,persicaria-amphibia
374,petroselinum-crispum-var-tuberosum
375,petroselinum-crispum
376,petunia-x-atkinsiana
377,phaseolus-coccineus
378,phaseolus-vulgaris
379,philadelphus-coronarius
380,phlox-paniculata
381,phlox-subulata
382,phragmites-australis
383,physocarpus-opulifolius
384,picea-abies
385,picea-pungens
386,pimpinella-anisum
387,pinus-nigra
388,pinus-sylvestris
389,pisum-sativum
390,plantago-lanceolata
391,platanus-x-hispanica
392,poa-pratensis
393,polygonatum-multiflorum
394,populus-tremula
395,potamogeton-natans
396,primula-veris
397,primula-vulgaris
398,prunus-armeniaca
399,prunus-avium
400,prunus-cerasifera
401,prunus-cerasus
402,prunus-domestica-subsp-domestica
403,prunus-domestica-subsp-italica
404,prunus-domestica-subsp-syriaca
405,prunus-dulcis
406,prunus-laurocerasus
407,prunus-padus
408,prunus-persica
409,prunus-serrulata
410,prunus-spinosa
411,pseudotsuga-menziesii
412,pulmonaria-officinalis
413,pulsatilla-vulgaris
414,puschkinia-scilloides
415,pyracantha-coccinea
416,pyrus-communis
417,pyrus-pyraster
418,quercus-palustris
419,quercus-petraea
420,quercus-robur
421,ranunculus-aquatilis
422,ranunculus-asiaticus
423,ranunculus-lingua
424,raphanus-sativus-radieschen
425,raphanus-sativus-rettich
426,rheum-rhabarbarum
427,rhododendron-japonicum
428,rhododendron
429,ribes-nigrum
430,ribes-rubrum
431,ribes-sanguineum
432,ribes-uva-crispa
433,ribes-x-culverwellii
434,robinia-pseudoacacia
435,rosa-canina
436,rosa-edelrosen-und-beetrosen-hybriden
437,rosa-gallica
438,rosa-kletterrosen-hybriden
439,rosa-rubiginosa
440,rosa-rugosa
441,rosa-spinosissima
442,rubus-fruticosus-agg
443,rudbeckia-fulgida
444,rudbeckia-laciniata
445,rumex-acetosa
446,sagittaria-sagittifolia
447,salix-alba
448,salix-caprea
449,salix-x-sepulcralis
450,salvia-nemorosa
451,salvia-officinalis
452,salvia-pratensis
453,salvia-rosmarinus
454,salvia-sclarea
455,sambucus-nigra
456,sambucus-racemosa
457,sanguisorba-minor
458,sanguisorba-officinalis
459,sanvitalia-procumbens
460,satureja-hortensis
461,satureja-montana
462,scabiosa-columbaria
463,schoenoplectus-lacustris
464,scilla-siberica
465,scorzonera-hispanica
466,sedum-acre
467,sempervivum-tectorum
468,silene-chalcedonica
469,silene-flos-cuculi
470,solanum-melongena
471,solanum-tuberosum
472,solidago-virgaurea
473,sorbus-aria
474,sorbus-aucuparia
475,sorbus-domestica
476,sorbus-torminalis
477,sparganium-erectum
478,spinacia-oleracea
479,spiraea-japonica
480,spiraea-x-vanhouttei
481,stachys-byzantina
482,stachys-palustris
483,stevia-rebaudiana
484,stipa-capillata
485,stratiotes-aloides
486,styphnolobium-japonicum
487,symphoricarpos-albus
488,symphyotrichum-novae-angliae
489,symphyotrichum-novi-belgii
490,symphytum-officinale
491,syringa-vulgaris
492,tagetes-erecta
493,tagetes-patula
494,tanacetum-parthenium
495,tanacetum-vulgare
496,taraxacum-officinale
497,taxus-baccata
498,thalictrum-aquilegiifolium
499,thuja-occidentalis
500,thunbergia-alata
501,thymus-serpyllum
502,thymus-vulgaris
503,tilia-cordata
504,tilia-platyphyllos
505,tragopogon-pratensis
506,trollius-europaeus
507,tropaeolum-majus
508,tulipa-gesneriana
509,tulipa-sylvestris
510,typha-angustifolia
511,typha-latifolia
512,urtica-dioica
513,vaccinium-corymbosum
514,vaccinium-macrocarpon
515,vaccinium-myrtillus
516,vaccinium-vitis-idaea
517,valeriana-officinalis
518,valerianella-locusta
519,verbascum-densiflorum
520,verbena-bonariensis
521,veronica-beccabunga
522,veronica-longifolia
523,veronicastrum-virginicum
524,viburnum-lantana
525,viburnum-opulus
526,viburnum-tinus
527,viburnum-x-bodnantense
528,vicia-faba
529,vinca-minor
530,viola-cornuta
531,viola-odorata
532,viola-x-wittrockiana
533,vitis-vinifera
534,waldsteinia-ternata
535,weigela-florida
536,wisteria-sinensis
537,xerochrysum-bracteatum
538,zea-mays
539,zinnia-elegans
